Name,Description,Price,Link,"Running Total"
XIAO-ESP32-C6,the mcu,$9.34,https://www.aliexpress.com/item/1005007427033011.html?af=137191_1&cv=56212303&cn=42tgyap67pct364hraed78ogxpwyl8ji&dp=v5_42tgyap67pct364hraed78ogxpwyl8ji&af=137191_1&cv=56212303&cn=42tgyap67pct364hraed78ogxpwyl8ji&dp=v5_42tgyap67pct364hraed78ogxpwyl8ji&utm_source=epn&utm_medium=cpa&utm_campaign=137191_1&utm_content=56212303&product_id=1005007427033011&afref=&aff_fcid=0863d803afff487883bcd16df91a85f0-1781993130847-07797-_9hwhcM&aff_fsk=_9hwhcM&aff_platform=portals-hotproduct&sk=_9hwhcM&aff_trace_key=0863d803afff487883bcd16df91a85f0-1781993130847-07797-_9hwhcM&terminal_id=eebdf22b4a8f414dac9f9718d804a940,$9.34
Cherry MX switches,the keys,$5.09,https://www.aliexpress.com/item/1005012067128405.html?af=137191_1&cv=56212311&cn=42tgyapnj0140ohjlfmuduvnogvn8wns&dp=v5_42tgyapnj0140ohjlfmuduvnogvn8wns&af=137191_1&cv=56212311&cn=42tgyapnj0140ohjlfmuduvnogvn8wns&dp=v5_42tgyapnj0140ohjlfmuduvnogvn8wns&utm_source=epn&utm_medium=cpa&utm_campaign=137191_1&utm_content=56212311&product_id=1005012067128405&afref=&aff_fcid=5aabede6772a40b4aca051c84ab33bc4-1781993148087-01828-_9hwhcM&aff_fsk=_9hwhcM&aff_platform=portals-hotproduct&sk=_9hwhcM&aff_trace_key=5aabede6772a40b4aca051c84ab33bc4-1781993148087-01828-_9hwhcM&terminal_id=eebdf22b4a8f414dac9f9718d804a940,$14.43
Key caps,caps,$2.36,https://www.aliexpress.com/item/1005005513800132.html?af=137191_1&cv=56212323&cn=42tgyaq71ka64pr84m7fszu9hbmujqjn&dp=v5_42tgyaq71ka64pr84m7fszu9hbmujqjn&utm_source=epn&utm_medium=cpa&utm_campaign=137191_1&utm_content=56212323&product_id=1005005513800132&afref=&aff_fcid=a5b60a5ec35f42c090bf906910cd451f-1781993167487-00743-_oFOlfkp&aff_fsk=_oFOlfkp&aff_platform=api-new-link-generate&sk=_oFOlfkp&aff_trace_key=a5b60a5ec35f42c090bf906910cd451f-1781993167487-00743-_oFOlfkp&terminal_id=eebdf22b4a8f414dac9f9718d804a940&afSmartRedirect=y,$16.79
LEDs,smt 0603,$1.69,https://www.aliexpress.com/item/1005011897792884.html?af=137191_1&cv=56212372&cn=42tgyaqo483eqnmi5x3z7jx60umb9onm&dp=v5_42tgyaqo483eqnmi5x3z7jx60umb9onm&af=137191_1&cv=56212372&cn=42tgyaqo483eqnmi5x3z7jx60umb9onm&dp=v5_42tgyaqo483eqnmi5x3z7jx60umb9onm&utm_source=epn&utm_medium=cpa&utm_campaign=137191_1&utm_content=56212372&product_id=1005011897792884&afref=&aff_fcid=f816024016ed41c1964bf7f07063ca7d-1781993184785-02828-_9hwhcM&aff_fsk=_9hwhcM&aff_platform=portals-hotproduct&sk=_9hwhcM&aff_trace_key=f816024016ed41c1964bf7f07063ca7d-1781993184785-02828-_9hwhcM&terminal_id=eebdf22b4a8f414dac9f9718d804a940,$18.48
Resistors,smt,$0.95,https://www.aliexpress.com/item/1005008650089395.html?af=137191_1&cv=56212400&cn=42tgyard9ax3wzl147r8943j4858uh0d&dp=v5_42tgyard9ax3wzl147r8943j4858uh0d&af=137191_1&cv=56212400&cn=42tgyard9ax3wzl147r8943j4858uh0d&dp=v5_42tgyard9ax3wzl147r8943j4858uh0d&utm_source=epn&utm_medium=cpa&utm_campaign=137191_1&utm_content=56212400&product_id=1005008650089395&afref=&aff_fcid=499721c7e7cb41bf9fc42f3f8dd0cf41-1781993209411-04067-_9hwhcM&aff_fsk=_9hwhcM&aff_platform=portals-hotproduct&sk=_9hwhcM&aff_trace_key=499721c7e7cb41bf9fc42f3f8dd0cf41-1781993209411-04067-_9hwhcM&terminal_id=eebdf22b4a8f414dac9f9718d804a940,$19.43
PCB,pcb fabrication,$4.00,www.jlcpcb.com,$23.43
PCB shipping,shipping pcb,$3.30,www.jlcpcb.com,$26.73
Case,-,N/A,N/A,N/A
MCP23017,gpio expander,$1.80,https://www.lcsc.com/product-detail/C506653.html,$28.53
